Landkreis	Bundesland	Einwohner	Fälle	Tode	Fälle pro 1 Millionen Einwohner	Tote pro 1 Millionen Einwohner	Prognose Fälle Morgen (%)
Flensburg (Kreisfreie Stadt)	Schleswig-Holstein	89504	29	1	324	11	4.8
Kiel (Kreisfreie Stadt)	Schleswig-Holstein	247548	168	2	679	8	6.1
Lübeck (Kreisfreie Stadt)	Schleswig-Holstein	217198	103	1	474	5	1.7
Neumünster (Kreisfreie Stadt)	Schleswig-Holstein	79487	34	0	428	0	7.2
Dithmarschen (Kreis)	Schleswig-Holstein	133210	40	1	300	8	10.5
Herzogtum Lauenburg (Kreis)	Schleswig-Holstein	197264	160	4	811	20	9.9
Nordfriesland (Kreis)	Schleswig-Holstein	165507	51	1	308	6	3.7
Ostholstein (Kreis)	Schleswig-Holstein	200581	52	0	259	0	5.6
Pinneberg (Kreis)	Schleswig-Holstein	314391	338	4	1075	13	8.5
Plön (Kreis)	Schleswig-Holstein	128647	80	2	622	16	5.2
Rendsburg-Eckernförde (Kreis)	Schleswig-Holstein	272775	173	6	634	22	6.7
Schleswig-Flensburg (Kreis)	Schleswig-Holstein	200025	95	0	475	0	4.7
Segeberg (Kreis)	Schleswig-Holstein	276032	152	0	551	0	9.6
Steinburg (Kreis)	Schleswig-Holstein	131347	61	0	464	0	3.1
Stormarn (Kreis)	Schleswig-Holstein	243196	194	2	798	8	7.6
Regionalverband Saarbrücken (Landkreis)	Saarland	329708	680	9	2062	27	12.1
Merzig-Wadern (Landkreis)	Saarland	103366	124	1	1200	10	21.8
Neunkirchen (Landkreis)	Saarland	132206	153	0	1157	0	8.7
Saarlouis (Landkreis)	Saarland	195201	272	3	1393	15	11.8
Saarpfalz-Kreis (Landkreis)	Saarland	142631	196	2	1374	14	7.7
St. Wendel (Landkreis)	Saarland	87397	107	1	1224	11	7.0
Berlin Reinickendorf (Kreisfreie Stadt)	Berlin	265225	282	7	1063	26	10.1
Berlin Charlottenburg-Wilmersdorf (Kreisfreie Stadt)	Berlin	342332	474	4	1385	12	4.3
Berlin Treptow-Köpenick (Kreisfreie Stadt)	Berlin	271153	197	0	727	0	5.7
Berlin Pankow (Kreisfreie Stadt)	Berlin	407765	383	1	939	2	8.2
Berlin Neukölln (Kreisfreie Stadt)	Berlin	329691	405	5	1228	15	7.4
Berlin Lichtenberg (Kreisfreie Stadt)	Berlin	291452	153	2	525	7	6.6
Berlin Marzahn-Hellersdorf (Kreisfreie Stadt)	Berlin	268548	133	0	495	0	8.3
Berlin Spandau (Kreisfreie Stadt)	Berlin	243977	151	3	619	12	11.5
Berlin Steglitz-Zehlendorf (Kreisfreie Stadt)	Berlin	308697	324	0	1050	0	6.9
Berlin Mitte (Kreisfreie Stadt)	Berlin	384172	580	0	1510	0	4.0
Berlin Friedrichshain-Kreuzberg (Kreisfreie Stadt)	Berlin	289762	353	3	1218	10	4.6
Berlin Tempelhof-Schöneberg (Kreisfreie Stadt)	Berlin	351644	410	3	1166	9	8.1
Brandenburg an der Havel (Kreisfreie Stadt)	Brandenburg	72124	32	0	444	0	6.6
Cottbus (Kreisfreie Stadt)	Brandenburg	100219	34	0	339	0	1.7
Frankfurt (Oder) (Kreisfreie Stadt)	Brandenburg	57873	14	0	242	0	19.0
Potsdam (Kreisfreie Stadt)	Brandenburg	178089	210	6	1179	34	11.3
Barnim (Landkreis)	Brandenburg	182760	122	2	668	11	10.5
Dahme-Spreewald (Landkreis)	Brandenburg	169067	114	2	674	12	3.7
Elbe-Elster (Landkreis)	Brandenburg	102638	52	1	507	10	10.4
Havelland (Landkreis)	Brandenburg	161909	103	1	636	6	9.9
Märkisch-Oderland (Landkreis)	Brandenburg	194328	132	0	679	0	2.0
Oberhavel (Landkreis)	Brandenburg	211249	131	1	620	5	3.8
Oberspreewald-Lausitz (Landkreis)	Brandenburg	110476	30	0	272	0	8.2
Oder-Spree (Landkreis)	Brandenburg	178658	81	0	453	0	1.4
Ostprignitz-Ruppin (Landkreis)	Brandenburg	99078	26	0	262	0	10.8
Potsdam-Mittelmark (Landkreis)	Brandenburg	214664	148	6	689	28	11.5
Prignitz (Landkreis)	Brandenburg	76508	14	0	183	0	16.8
Spree-Neiße (Landkreis)	Brandenburg	114429	50	0	437	0	1.5
Teltow-Fläming (Landkreis)	Brandenburg	168296	70	0	416	0	6.9
Uckermark (Landkreis)	Brandenburg	119552	21	1	176	8	1.4
Rostock (Kreisfreie Stadt)	Mecklenburg-Vorpommern	208886	66	0	316	0	2.5
Schwerin (Kreisfreie Stadt)	Mecklenburg-Vorpommern	95818	77	0	804	0	2.4
Mecklenburgische Seenplatte (Landkreis)	Mecklenburg-Vorpommern	259130	94	3	363	12	5.6
Rostock (Landkreis)	Mecklenburg-Vorpommern	215113	46	1	214	5	9.3
Vorpommern-Rügen (Landkreis)	Mecklenburg-Vorpommern	224684	62	1	276	4	5.1
Nordwestmecklenburg (Landkreis)	Mecklenburg-Vorpommern	156729	51	1	325	6	9.4
Vorpommern-Greifswald (Landkreis)	Mecklenburg-Vorpommern	236697	81	1	342	4	5.8
Ludwigslust-Parchim (Landkreis)	Mecklenburg-Vorpommern	212618	54	1	254	5	6.9
Chemnitz (Kreisfreie Stadt)	Sachsen	247237	147	2	595	8	5.2
Erzgebirgskreis (Landkreis)	Sachsen	337696	281	6	832	18	10.9
Mittelsachsen (Landkreis)	Sachsen	306185	162	1	529	3	8.3
Vogtlandkreis (Landkreis)	Sachsen	227796	161	1	707	4	8.6
Zwickau (Landkreis)	Sachsen	317531	511	12	1609	38	8.0
Dresden (Kreisfreie Stadt)	Sachsen	554649	403	4	727	7	5.9
Bautzen (Landkreis)	Sachsen	300880	166	2	552	7	3.8
Görlitz (Landkreis)	Sachsen	254894	153	4	600	16	16.3
Meißen (Landkreis)	Sachsen	242165	121	3	500	12	6.3
Sächsische Schweiz-Osterzgebirge (Landkreis)	Sachsen	245611	258	0	1050	0	7.6
Leipzig (Kreisfreie Stadt)	Sachsen	587857	428	1	728	2	6.9
Leipzig (Landkreis)	Sachsen	257763	133	2	516	8	6.5
Nordsachsen (Landkreis)	Sachsen	197673	73	0	369	0	10.3
Dessau-Roßlau (Kreisfreie Stadt)	Sachsen-Anhalt	81237	35	1	431	12	17.8
Halle (Saale) (Kreisfreie Stadt)	Sachsen-Anhalt	239257	212	3	886	13	4.9
Magdeburg (Kreisfreie Stadt)	Sachsen-Anhalt	238697	89	1	373	4	0.5
Altmarkkreis Salzwedel (Landkreis)	Sachsen-Anhalt	83765	21	0	251	0	8.0
Anhalt-Bitterfeld (Landkreis)	Sachsen-Anhalt	159854	49	0	307	0	9.0
Börde (Landkreis)	Sachsen-Anhalt	171734	69	0	402	0	5.2
Burgenlandkreis (Landkreis)	Sachsen-Anhalt	180190	46	0	255	0	8.6
Harz (Landkreis)	Sachsen-Anhalt	214446	92	1	429	5	12.3
Jerichower Land (Landkreis)	Sachsen-Anhalt	89928	26	1	289	11	9.3
Mansfeld-Südharz (Landkreis)	Sachsen-Anhalt	136249	29	1	213	7	7.5
Saalekreis (Landkreis)	Sachsen-Anhalt	184582	84	1	455	5	5.6
Salzlandkreis (Landkreis)	Sachsen-Anhalt	190560	56	0	294	0	7.6
Stendal (Landkreis)	Sachsen-Anhalt	111982	66	2	589	18	3.1
Wittenberg (Landkreis)	Sachsen-Anhalt	125840	113	1	898	8	6.7
Erfurt (Kreisfreie Stadt)	Thüringen	213699	97	0	454	0	3.2
Gera (Kreisfreie Stadt)	Thüringen	94152	37	0	393	0	8.7
Jena (Kreisfreie Stadt)	Thüringen	111407	136	1	1221	9	3.3
Suhl (Kreisfreie Stadt)	Thüringen	34835	10	0	287	0	12.0
Weimar (Kreisfreie Stadt)	Thüringen	65090	47	0	722	0	9.6
Eisenach (Kreisfreie Stadt)	Thüringen	42370	9	0	212	0	9.3
Eichsfeld (Landkreis)	Thüringen	100380	68	1	677	10	5.2
Nordhausen (Landkreis)	Thüringen	83822	21	0	251	0	7.6
Wartburgkreis (Landkreis)	Thüringen	123025	28	0	228	0	2.0
Unstrut-Hainich-Kreis (Landkreis)	Thüringen	102912	35	0	340	0	16.1
Kyffhäuserkreis (Landkreis)	Thüringen	75009	27	0	360	0	5.3
Schmalkalden-Meiningen (Landkreis)	Thüringen	122347	36	0	294	0	3.2
Gotha (Landkreis)	Thüringen	135452	39	1	288	7	7.3
Sömmerda (Landkreis)	Thüringen	69655	30	0	431	0	2.9
Hildburghausen (Landkreis)	Thüringen	63553	9	0	142	0	4.8
Ilm-Kreis (Landkreis)	Thüringen	108742	93	1	855	9	12.3
Weimarer Land (Landkreis)	Thüringen	81947	54	0	659	0	21.2
Sonneberg (Landkreis)	Thüringen	56196	36	1	641	18	4.4
Saalfeld-Rudolstadt (Landkreis)	Thüringen	106356	51	0	480	0	3.1
Saale-Holzland-Kreis (Landkreis)	Thüringen	83051	46	0	554	0	11.8
Saale-Orla-Kreis (Landkreis)	Thüringen	80868	68	2	841	25	15.6
Greiz (Landkreis)	Thüringen	98159	201	11	2048	112	7.7
Altenburger Land (Landkreis)	Thüringen	90118	30	0	333	0	2.9
Hamburg (Kreisfreie Stadt)	Hamburg	1841179	3059	20	1661	11	5.9
Braunschweig (Kreisfreie Stadt)	Niedersachsen	248292	228	5	918	20	6.4
Salzgitter (Kreisfreie Stadt)	Niedersachsen	104948	71	1	677	10	5.9
Wolfsburg (Kreisfreie Stadt)	Niedersachsen	124151	222	30	1788	242	4.4
Gifhorn (Landkreis)	Niedersachsen	175920	94	0	534	0	4.7
Goslar (Landkreis)	Niedersachsen	137014	87	3	635	22	11.9
Helmstedt (Landkreis)	Niedersachsen	91307	81	0	887	0	3.4
Northeim (Landkreis)	Niedersachsen	132765	53	0	399	0	8.4
Peine (Landkreis)	Niedersachsen	133965	110	1	821	7	5.6
Wolfenbüttel (Landkreis)	Niedersachsen	119960	76	0	634	0	10.9
Göttingen (Landkreis)	Niedersachsen	328074	277	9	844	27	9.7
Region Hannover (Landkreis)	Niedersachsen	1157624	1114	12	962	10	5.4
Diepholz (Landkreis)	Niedersachsen	216886	203	4	936	18	7.5
Hameln-Pyrmont (Landkreis)	Niedersachsen	148559	88	2	592	13	5.4
Hildesheim (Landkreis)	Niedersachsen	276594	182	1	658	4	4.7
Holzminden (Landkreis)	Niedersachsen	70975	79	1	1113	14	3.9
Nienburg (Weser) (Landkreis)	Niedersachsen	121386	51	0	420	0	10.7
Schaumburg (Landkreis)	Niedersachsen	157781	80	0	507	0	10.4
Celle (Landkreis)	Niedersachsen	178936	105	5	587	28	3.5
Cuxhaven (Landkreis)	Niedersachsen	198213	64	2	323	10	2.1
Harburg (Landkreis)	Niedersachsen	252776	275	1	1088	4	8.6
Lüchow-Dannenberg (Landkreis)	Niedersachsen	48424	13	0	268	0	9.2
Lüneburg (Landkreis)	Niedersachsen	183372	124	0	676	0	4.6
Osterholz (Landkreis)	Niedersachsen	113517	60	0	529	0	1.1
Rotenburg (Wümme) (Landkreis)	Niedersachsen	163455	66	1	404	6	6.4
Heidekreis (Landkreis)	Niedersachsen	139755	44	1	315	7	12.5
Stade (Landkreis)	Niedersachsen	203102	153	2	753	10	6.4
Uelzen (Landkreis)	Niedersachsen	92572	29	0	313	0	4.5
Verden (Landkreis)	Niedersachsen	136792	100	1	731	7	7.1
Delmenhorst (Kreisfreie Stadt)	Niedersachsen	77607	26	1	335	13	4.5
Emden (Kreisfreie Stadt)	Niedersachsen	50195	12	0	239	0	13.3
Oldenburg (Oldb) (Kreisfreie Stadt)	Niedersachsen	168210	129	0	767	0	11.0
Osnabrück (Kreisfreie Stadt)	Niedersachsen	164748	296	2	1797	12	6.4
Wilhelmshaven (Kreisfreie Stadt)	Niedersachsen	76278	10	0	131	0	8.8
Ammerland (Landkreis)	Niedersachsen	124071	108	2	870	16	6.2
Aurich (Landkreis)	Niedersachsen	189848	67	3	353	16	2.2
Cloppenburg (Landkreis)	Niedersachsen	169348	50	0	295	0	7.0
Emsland (Landkreis)	Niedersachsen	325657	191	3	587	9	5.9
Friesland (Landkreis)	Niedersachsen	98460	21	0	213	0	8.4
Grafschaft Bentheim (Landkreis)	Niedersachsen	136511	134	3	982	22	9.5
Leer (Landkreis)	Niedersachsen	169809	58	1	342	6	8.9
Oldenburg (Landkreis)	Niedersachsen	130144	156	2	1199	15	4.3
Osnabrück (Landkreis)	Niedersachsen	357343	519	9	1452	25	10.9
Vechta (Landkreis)	Niedersachsen	141598	231	3	1631	21	5.8
Wesermarsch (Landkreis)	Niedersachsen	88624	47	0	530	0	4.0
Wittmund (Landkreis)	Niedersachsen	56882	16	0	281	0	1.8
Bremen (Kreisfreie Stadt)	Bremen	569352	374	9	657	16	6.7
Bremerhaven (Kreisfreie Stadt)	Bremen	113634	25	0	220	0	5.4
Düsseldorf (Kreisfreie Stadt)	Nordrhein-Westfalen	619294	596	4	962	6	5.8
Duisburg (Kreisfreie Stadt)	Nordrhein-Westfalen	498590	397	5	796	10	5.9
Essen (Kreisfreie Stadt)	Nordrhein-Westfalen	583109	446	6	765	10	3.9
Krefeld (Kreisfreie Stadt)	Nordrhein-Westfalen	227020	245	0	1079	0	4.4
Mönchengladbach (Kreisfreie Stadt)	Nordrhein-Westfalen	261454	260	5	994	19	6.0
Mülheim an der Ruhr (Kreisfreie Stadt)	Nordrhein-Westfalen	170880	100	2	585	12	5.2
Oberhausen (Kreisfreie Stadt)	Nordrhein-Westfalen	210829	110	0	522	0	10.8
Remscheid (Kreisfreie Stadt)	Nordrhein-Westfalen	110994	97	1	874	9	6.4
Solingen (Kreisfreie Stadt)	Nordrhein-Westfalen	159360	138	1	866	6	6.8
Wuppertal (Kreisfreie Stadt)	Nordrhein-Westfalen	354382	333	6	940	17	8.8
Kleve (Kreis)	Nordrhein-Westfalen	310974	376	3	1209	10	5.4
Mettmann (Kreis)	Nordrhein-Westfalen	485684	494	12	1017	25	7.0
Rhein-Kreis Neuss (Kreis)	Nordrhein-Westfalen	451007	461	7	1022	16	5.4
Viersen (Kreis)	Nordrhein-Westfalen	298935	283	3	947	10	9.4
Wesel (Kreis)	Nordrhein-Westfalen	459809	280	3	609	7	3.9
Bonn (Kreisfreie Stadt)	Nordrhein-Westfalen	327258	411	3	1256	9	8.4
Köln (Kreisfreie Stadt)	Nordrhein-Westfalen	1085664	1750	27	1612	25	2.7
Leverkusen (Kreisfreie Stadt)	Nordrhein-Westfalen	163838	140	1	855	6	5.0
Städteregion Aachen (Kreis)	Nordrhein-Westfalen	555465	1222	28	2200	50	6.3
Düren (Kreis)	Nordrhein-Westfalen	263722	345	13	1308	49	8.3
Rhein-Erft-Kreis (Kreis)	Nordrhein-Westfalen	470089	496	9	1055	19	9.0
Euskirchen (Kreis)	Nordrhein-Westfalen	192840	205	2	1063	10	10.0
Heinsberg (Kreis)	Nordrhein-Westfalen	254322	1455	44	5721	173	1.6
Oberbergischer Kreis (Kreis)	Nordrhein-Westfalen	272471	318	5	1167	18	4.9
Rheinisch-Bergischer Kreis (Kreis)	Nordrhein-Westfalen	283455	287	4	1013	14	7.4
Rhein-Sieg-Kreis (Kreis)	Nordrhein-Westfalen	599780	709	6	1182	10	6.3
Bottrop (Kreisfreie Stadt)	Nordrhein-Westfalen	117383	31	1	264	9	5.1
Gelsenkirchen (Kreisfreie Stadt)	Nordrhein-Westfalen	260654	125	1	480	4	0.7
Münster (Kreisfreie Stadt)	Nordrhein-Westfalen	314319	545	3	1734	10	3.3
Borken (Kreis)	Nordrhein-Westfalen	370676	667	13	1799	35	6.8
Coesfeld (Kreis)	Nordrhein-Westfalen	219929	372	8	1691	36	3.2
Recklinghausen (Kreis)	Nordrhein-Westfalen	615261	466	1	757	2	9.1
Steinfurt (Kreis)	Nordrhein-Westfalen	447614	604	3	1349	7	10.2
Warendorf (Kreis)	Nordrhein-Westfalen	277783	342	2	1231	7	0.8
Bielefeld (Kreisfreie Stadt)	Nordrhein-Westfalen	333786	340	0	1019	0	2.0
Gütersloh (Kreis)	Nordrhein-Westfalen	364083	374	3	1027	8	3.9
Herford (Kreis)	Nordrhein-Westfalen	250783	233	1	929	4	9.6
Höxter (Kreis)	Nordrhein-Westfalen	140667	149	1	1059	7	18.1
Lippe (Kreis)	Nordrhein-Westfalen	348391	421	4	1208	11	8.5
Minden-Lübbecke (Kreis)	Nordrhein-Westfalen	310710	391	1	1258	3	4.1
Paderborn (Kreis)	Nordrhein-Westfalen	306890	321	3	1046	10	6.7
Bochum (Kreisfreie Stadt)	Nordrhein-Westfalen	364628	251	6	688	16	4.6
Dortmund (Kreisfreie Stadt)	Nordrhein-Westfalen	587010	410	2	698	3	6.6
Hagen (Kreisfreie Stadt)	Nordrhein-Westfalen	188814	120	2	636	11	9.5
Hamm (Kreisfreie Stadt)	Nordrhein-Westfalen	179111	255	4	1424	22	10.3
Herne (Kreisfreie Stadt)	Nordrhein-Westfalen	156374	68	0	435	0	2.1
Ennepe-Ruhr-Kreis (Kreis)	Nordrhein-Westfalen	324296	257	1	792	3	5.8
Hochsauerlandkreis (Kreis)	Nordrhein-Westfalen	260475	396	1	1520	4	7.7
Märkischer Kreis (Kreis)	Nordrhein-Westfalen	412120	210	5	510	12	8.4
Olpe (Kreis)	Nordrhein-Westfalen	134775	215	5	1595	37	11.0
Siegen-Wittgenstein (Kreis)	Nordrhein-Westfalen	278210	162	2	582	7	8.2
Soest (Kreis)	Nordrhein-Westfalen	301902	245	2	812	7	4.4
Unna (Kreis)	Nordrhein-Westfalen	394782	296	7	750	18	13.0
Darmstadt (Kreisfreie Stadt)	Hessen	159207	96	0	603	0	6.8
Frankfurt am Main (Kreisfreie Stadt)	Hessen	753056	638	8	847	11	8.5
Offenbach am Main (Kreisfreie Stadt)	Hessen	128744	42	1	326	8	6.3
Wiesbaden (Kreisfreie Stadt)	Hessen	278342	209	4	751	14	3.6
Bergstraße (Landkreis)	Hessen	269694	225	1	834	4	6.0
Darmstadt-Dieburg (Landkreis)	Hessen	297399	240	3	807	10	4.3
Groß-Gerau (Landkreis)	Hessen	274526	248	2	903	7	4.6
Hochtaunuskreis (Landkreis)	Hessen	236564	186	0	786	0	4.6
Main-Kinzig-Kreis (Landkreis)	Hessen	418950	273	3	652	7	6.0
Main-Taunus-Kreis (Landkreis)	Hessen	237735	168	3	707	13	4.2
Odenwaldkreis (Landkreis)	Hessen	96798	137	10	1415	103	12.8
Offenbach (Landkreis)	Hessen	354092	256	8	723	23	6.1
Rheingau-Taunus-Kreis (Landkreis)	Hessen	187157	160	1	855	5	4.1
Wetteraukreis (Landkreis)	Hessen	306460	155	1	506	3	5.4
Gießen (Landkreis)	Hessen	268876	170	0	632	0	6.1
Lahn-Dill-Kreis (Landkreis)	Hessen	253777	259	3	1021	12	9.2
Limburg-Weilburg (Landkreis)	Hessen	172083	201	0	1168	0	3.7
Marburg-Biedenkopf (Landkreis)	Hessen	246648	138	1	560	4	5.5
Vogelsbergkreis (Landkreis)	Hessen	105878	78	2	737	19	7.8
Kassel (Kreisfreie Stadt)	Hessen	201585	106	2	526	10	3.9
Fulda (Landkreis)	Hessen	222584	216	2	970	9	5.5
Hersfeld-Rotenburg (Landkreis)	Hessen	120829	118	4	977	33	19.8
Kassel (Landkreis)	Hessen	236633	119	3	503	13	5.6
Schwalm-Eder-Kreis (Landkreis)	Hessen	180222	274	10	1520	55	10.8
Waldeck-Frankenberg (Landkreis)	Hessen	156953	95	1	605	6	5.9
Werra-Meißner-Kreis (Landkreis)	Hessen	101017	30	0	297	0	8.6
Koblenz (Kreisfreie Stadt)	Rheinland-Pfalz	114024	172	7	1508	61	4.2
Ahrweiler (Landkreis)	Rheinland-Pfalz	129727	100	1	771	8	6.6
Altenkirchen (Westerwald) (Landkreis)	Rheinland-Pfalz	128705	62	0	482	0	4.2
Bad Kreuznach (Landkreis)	Rheinland-Pfalz	158080	136	1	860	6	4.1
Birkenfeld (Landkreis)	Rheinland-Pfalz	80720	50	0	619	0	7.7
Cochem-Zell (Landkreis)	Rheinland-Pfalz	61587	117	0	1900	0	1.3
Mayen-Koblenz (Landkreis)	Rheinland-Pfalz	214259	263	3	1227	14	4.2
Neuwied (Landkreis)	Rheinland-Pfalz	181941	173	2	951	11	2.2
Rhein-Hunsrück-Kreis (Landkreis)	Rheinland-Pfalz	102937	125	0	1214	0	4.1
Rhein-Lahn-Kreis (Landkreis)	Rheinland-Pfalz	122308	115	2	940	16	5.7
Westerwaldkreis (Landkreis)	Rheinland-Pfalz	201597	199	4	987	20	5.3
Trier (Kreisfreie Stadt)	Rheinland-Pfalz	110636	71	0	642	0	2.8
Bernkastel-Wittlich (Landkreis)	Rheinland-Pfalz	112262	87	0	775	0	7.4
Eifelkreis Bitburg-Prüm (Landkreis)	Rheinland-Pfalz	98561	123	0	1248	0	2.7
Vulkaneifel (Landkreis)	Rheinland-Pfalz	60603	82	0	1353	0	12.3
Trier-Saarburg (Landkreis)	Rheinland-Pfalz	148945	105	1	705	7	5.1
Frankenthal (Pfalz) (Kreisfreie Stadt)	Rheinland-Pfalz	48561	27	0	556	0	4.3
Kaiserslautern (Kreisfreie Stadt)	Rheinland-Pfalz	99845	73	1	731	10	5.8
Landau in der Pfalz (Kreisfreie Stadt)	Rheinland-Pfalz	46677	44	0	943	0	3.7
Ludwigshafen am Rhein (Kreisfreie Stadt)	Rheinland-Pfalz	171061	147	0	859	0	13.3
Mainz (Kreisfreie Stadt)	Rheinland-Pfalz	217118	271	0	1248	0	7.9
Neustadt an der Weinstraße (Kreisfreie Stadt)	Rheinland-Pfalz	53148	73	1	1374	19	6.2
Pirmasens (Kreisfreie Stadt)	Rheinland-Pfalz	40403	24	0	594	0	9.0
Speyer (Kreisfreie Stadt)	Rheinland-Pfalz	50378	37	0	734	0	5.2
Worms (Kreisfreie Stadt)	Rheinland-Pfalz	83330	114	2	1368	24	11.8
Zweibrücken (Kreisfreie Stadt)	Rheinland-Pfalz	34209	26	0	760	0	13.0
Alzey-Worms (Landkreis)	Rheinland-Pfalz	129244	104	0	805	0	5.1
Bad Dürkheim (Landkreis)	Rheinland-Pfalz	132660	221	3	1666	23	5.7
Donnersbergkreis (Landkreis)	Rheinland-Pfalz	75101	71	1	945	13	4.3
Germersheim (Landkreis)	Rheinland-Pfalz	129075	93	1	721	8	9.7
Kaiserslautern (Landkreis)	Rheinland-Pfalz	106057	69	0	651	0	3.7
Kusel (Landkreis)	Rheinland-Pfalz	70526	64	0	907	0	6.7
Südliche Weinstraße (Landkreis)	Rheinland-Pfalz	110356	122	0	1106	0	6.6
Rhein-Pfalz-Kreis (Landkreis)	Rheinland-Pfalz	154201	137	0	888	0	9.4
Mainz-Bingen (Landkreis)	Rheinland-Pfalz	210889	218	2	1034	9	8.5
Südwestpfalz (Landkreis)	Rheinland-Pfalz	95113	77	2	810	21	11.5
Stuttgart (Stadtkreis)	Baden-Württemberg	634830	941	12	1482	19	3.3
Böblingen (Landkreis)	Baden-Württemberg	391640	914	16	2334	41	6.9
Esslingen (Landkreis)	Baden-Württemberg	533859	1116	34	2090	64	4.4
Göppingen (Landkreis)	Baden-Württemberg	257253	550	17	2138	66	4.9
Ludwigsburg (Landkreis)	Baden-Württemberg	543984	1050	18	1930	33	7.3
Rems-Murr-Kreis (Landkreis)	Baden-Württemberg	426158	772	11	1812	26	8.4
Heilbronn (Stadtkreis)	Baden-Württemberg	125960	274	1	2175	8	10.8
Heilbronn (Landkreis)	Baden-Württemberg	343068	541	9	1577	26	5.9
Hohenlohekreis (Landkreis)	Baden-Württemberg	112010	585	17	5223	152	3.4
Schwäbisch Hall (Landkreis)	Baden-Württemberg	195861	543	19	2772	97	9.5
Main-Tauber-Kreis (Landkreis)	Baden-Württemberg	132321	245	1	1852	8	13.1
Heidenheim (Landkreis)	Baden-Württemberg	132472	238	10	1797	75	3.8
Ostalbkreis (Landkreis)	Baden-Württemberg	314002	421	3	1341	10	1.9
Baden-Baden (Stadtkreis)	Baden-Württemberg	55123	112	5	2032	91	6.3
Karlsruhe (Stadtkreis)	Baden-Württemberg	313092	211	3	674	10	3.9
Karlsruhe (Landkreis)	Baden-Württemberg	444232	510	12	1148	27	6.8
Rastatt (Landkreis)	Baden-Württemberg	231018	368	1	1593	4	5.5
Heidelberg (Stadtkreis)	Baden-Württemberg	160355	234	3	1459	19	3.6
Mannheim (Stadtkreis)	Baden-Württemberg	309370	306	3	989	10	7.7
Neckar-Odenwald-Kreis (Landkreis)	Baden-Württemberg	143535	143	6	996	42	6.2
Rhein-Neckar-Kreis (Landkreis)	Baden-Württemberg	547625	726	14	1326	26	4.9
Pforzheim (Stadtkreis)	Baden-Württemberg	125542	70	2	558	16	11.4
Calw (Landkreis)	Baden-Württemberg	158397	423	7	2671	44	6.9
Enzkreis (Landkreis)	Baden-Württemberg	198905	208	3	1046	15	12.0
Freudenstadt (Landkreis)	Baden-Württemberg	117935	276	5	2340	42	10.2
Freiburg im Breisgau (Stadtkreis)	Baden-Württemberg	230241	675	18	2932	78	6.4
Breisgau-Hochschwarzwald (Landkreis)	Baden-Württemberg	262795	697	13	2652	49	7.4
Emmendingen (Landkreis)	Baden-Württemberg	165383	404	21	2443	127	6.8
Ortenaukreis (Landkreis)	Baden-Württemberg	429479	636	42	1481	98	10.0
Rottweil (Landkreis)	Baden-Württemberg	139455	305	3	2187	22	15.2
Schwarzwald-Baar-Kreis (Landkreis)	Baden-Württemberg	212381	323	3	1521	14	9.3
Tuttlingen (Landkreis)	Baden-Württemberg	140152	285	4	2034	29	11.6
Konstanz (Landkreis)	Baden-Württemberg	285325	278	2	974	7	8.4
Lörrach (Landkreis)	Baden-Württemberg	228639	380	13	1662	57	7.4
Waldshut (Landkreis)	Baden-Württemberg	170619	175	9	1026	53	13.6
Reutlingen (Landkreis)	Baden-Württemberg	286748	646	10	2253	35	11.1
Tübingen (Landkreis)	Baden-Württemberg	227331	943	14	4148	62	6.5
Zollernalbkreis (Landkreis)	Baden-Württemberg	188935	566	19	2996	101	8.0
Ulm (Stadtkreis)	Baden-Württemberg	126329	182	1	1441	8	5.7
Alb-Donau-Kreis (Landkreis)	Baden-Württemberg	196047	362	2	1846	10	7.9
Biberach (Landkreis)	Baden-Württemberg	199742	336	3	1682	15	9.3
Bodenseekreis (Landkreis)	Baden-Württemberg	216227	230	5	1064	23	3.7
Ravensburg (Landkreis)	Baden-Württemberg	284285	400	4	1407	14	2.2
Sigmaringen (Landkreis)	Baden-Württemberg	130873	541	15	4134	115	6.6
Ingolstadt (Kreisfreie Stadt)	Bayern	136981	206	4	1504	29	17.7
München (Kreisfreie Stadt)	Bayern	1471508	3676	9	2498	6	4.5
Rosenheim (Kreisfreie Stadt)	Bayern	63324	198	5	3127	79	10.0
Altötting (Landkreis)	Bayern	111210	313	9	2814	81	12.9
Berchtesgadener Land (Landkreis)	Bayern	105722	152	3	1438	28	10.3
Bad Tölz-Wolfratshausen (Landkreis)	Bayern	127227	276	4	2169	31	8.9
Dachau (Landkreis)	Bayern	153884	475	5	3087	32	9.6
Ebersberg (Landkreis)	Bayern	142142	288	1	2026	7	7.9
Eichstätt (Landkreis)	Bayern	132341	144	2	1088	15	7.9
Erding (Landkreis)	Bayern	137660	409	5	2971	36	6.4
Freising (Landkreis)	Bayern	179116	696	15	3886	84	6.2
Fürstenfeldbruck (Landkreis)	Bayern	219320	540	7	2462	32	9.5
Garmisch-Partenkirchen (Landkreis)	Bayern	88467	182	1	2057	11	12.4
Landsberg am Lech (Landkreis)	Bayern	120071	235	4	1957	33	10.9
Miesbach (Landkreis)	Bayern	99726	418	3	4191	30	7.4
Mühldorf a. Inn (Landkreis)	Bayern	115250	289	6	2508	52	12.7
München (Landkreis)	Bayern	348871	873	8	2502	23	8.0
Neuburg-Schrobenhausen (Landkreis)	Bayern	96680	118	0	1221	0	4.9
Pfaffenhofen a.d. Ilm (Landkreis)	Bayern	127151	215	3	1691	24	9.9
Rosenheim (Landkreis)	Bayern	260983	1189	29	4556	111	9.9
Starnberg (Landkreis)	Bayern	136092	394	3	2895	22	4.7
Traunstein (Landkreis)	Bayern	177089	499	12	2818	68	13.6
Weilheim-Schongau (Landkreis)	Bayern	135348	289	1	2135	7	6.1
Landshut (Kreisfreie Stadt)	Bayern	72404	162	3	2237	41	5.1
Passau (Kreisfreie Stadt)	Bayern	52469	81	3	1544	57	15.0
Straubing (Kreisfreie Stadt)	Bayern	47794	169	5	3536	105	11.6
Deggendorf (Landkreis)	Bayern	119326	157	4	1316	34	4.4
Freyung-Grafenau (Landkreis)	Bayern	78355	120	3	1531	38	5.7
Kelheim (Landkreis)	Bayern	122258	278	12	2274	98	10.7
Landshut (Landkreis)	Bayern	158698	420	9	2647	57	8.5
Passau (Landkreis)	Bayern	192043	269	7	1401	36	9.9
Regen (Landkreis)	Bayern	77656	95	0	1223	0	14.8
Rottal-Inn (Landkreis)	Bayern	120659	514	18	4260	149	11.3
Straubing-Bogen (Landkreis)	Bayern	100649	225	7	2235	70	13.2
Dingolfing-Landau (Landkreis)	Bayern	96217	140	1	1455	10	10.7
Amberg (Kreisfreie Stadt)	Bayern	41970	41	2	977	48	15.1
Regensburg (Kreisfreie Stadt)	Bayern	152610	279	3	1828	20	11.8
Weiden i.d. OPf. (Kreisfreie Stadt)	Bayern	42520	143	4	3363	94	14.1
Amberg-Sulzbach (Landkreis)	Bayern	103109	184	3	1785	29	13.0
Cham (Landkreis)	Bayern	127882	288	5	2252	39	5.2
Neumarkt i.d. OPf. (Landkreis)	Bayern	133561	146	2	1093	15	6.9
Neustadt a.d. Waldnaab (Landkreis)	Bayern	94352	421	16	4462	170	11.1
Regensburg (Landkreis)	Bayern	193572	274	0	1415	0	12.0
Schwandorf (Landkreis)	Bayern	147189	253	7	1719	48	9.9
Tirschenreuth (Landkreis)	Bayern	72504	821	49	11324	676	7.6
Bamberg (Kreisfreie Stadt)	Bayern	77592	108	1	1392	13	9.8
Bayreuth (Kreisfreie Stadt)	Bayern	74657	96	1	1286	13	13.3
Coburg (Kreisfreie Stadt)	Bayern	41249	30	0	727	0	8.4
Hof (Kreisfreie Stadt)	Bayern	45930	60	1	1306	22	7.7
Bamberg (Landkreis)	Bayern	147086	282	11	1917	75	8.4
Bayreuth (Landkreis)	Bayern	103656	190	3	1833	29	12.4
Coburg (Landkreis)	Bayern	86906	82	1	944	12	11.0
Forchheim (Landkreis)	Bayern	116099	146	2	1258	17	8.8
Hof (Landkreis)	Bayern	95311	201	3	2109	31	12.6
Kronach (Landkreis)	Bayern	67135	64	0	953	0	10.3
Kulmbach (Landkreis)	Bayern	71845	114	2	1587	28	11.4
Lichtenfels (Landkreis)	Bayern	66838	131	1	1960	15	10.3
Wunsiedel i. Fichtelgebirge (Landkreis)	Bayern	73178	406	9	5548	123	12.8
Ansbach (Kreisfreie Stadt)	Bayern	41847	58	1	1386	24	20.2
Erlangen (Kreisfreie Stadt)	Bayern	111962	109	1	974	9	11.4
Fürth (Kreisfreie Stadt)	Bayern	127748	178	6	1393	47	11.9
Nürnberg (Kreisfreie Stadt)	Bayern	518365	492	5	949	10	13.9
Schwabach (Kreisfreie Stadt)	Bayern	40792	51	0	1250	0	8.5
Ansbach (Landkreis)	Bayern	183949	273	3	1484	16	10.1
Erlangen-Höchstadt (Landkreis)	Bayern	136271	133	1	976	7	11.6
Fürth (Landkreis)	Bayern	117387	288	7	2453	60	7.7
Nürnberger Land (Landkreis)	Bayern	170365	353	12	2072	70	10.2
Neustadt a.d. Aisch-Bad Windsheim (Landkreis)	Bayern	100364	100	1	996	10	12.4
Roth (Landkreis)	Bayern	126958	203	3	1599	24	7.7
Weißenburg-Gunzenhausen (Landkreis)	Bayern	94393	166	2	1759	21	7.7
Aschaffenburg (Kreisfreie Stadt)	Bayern	70527	76	0	1078	0	5.9
Schweinfurt (Kreisfreie Stadt)	Bayern	54032	85	8	1573	148	10.7
Würzburg (Kreisfreie Stadt)	Bayern	127880	367	33	2870	258	6.0
Aschaffenburg (Landkreis)	Bayern	174208	255	13	1464	75	10.4
Bad Kissingen (Landkreis)	Bayern	103218	128	1	1240	10	6.3
Rhön-Grabfeld (Landkreis)	Bayern	79690	79	0	991	0	13.3
Haßberge (Landkreis)	Bayern	84599	91	0	1076	0	6.5
Kitzingen (Landkreis)	Bayern	90909	59	0	649	0	14.4
Miltenberg (Landkreis)	Bayern	128756	179	0	1390	0	8.5
Main-Spessart (Landkreis)	Bayern	126365	105	2	831	16	11.1
Schweinfurt (Landkreis)	Bayern	115106	236	4	2050	35	11.6
Würzburg (Landkreis)	Bayern	161834	295	0	1823	0	8.0
Augsburg (Kreisfreie Stadt)	Bayern	295135	235	4	796	14	9.3
Kaufbeuren (Kreisfreie Stadt)	Bayern	43893	59	2	1344	46	12.1
Kempten (Allgäu) (Kreisfreie Stadt)	Bayern	68907	55	4	798	58	7.2
Memmingen (Kreisfreie Stadt)	Bayern	43837	40	0	912	0	4.3
Aichach-Friedberg (Landkreis)	Bayern	133596	171	5	1280	37	7.2
Augsburg (Landkreis)	Bayern	251534	259	0	1030	0	7.5
Dillingen a.d. Donau (Landkreis)	Bayern	96021	91	1	948	10	11.5
Günzburg (Landkreis)	Bayern	125747	145	1	1153	8	5.5
Neu-Ulm (Landkreis)	Bayern	174200	259	3	1487	17	7.8
Lindau (Bodensee) (Landkreis)	Bayern	81669	194	4	2375	49	9.1
Ostallgäu (Landkreis)	Bayern	140316	300	7	2138	50	11.8
Unterallgäu (Landkreis)	Bayern	144041	168	1	1166	7	10.0
Donau-Ries (Landkreis)	Bayern	133496	225	6	1685	45	19.6
Oberallgäu (Landkreis)	Bayern	155362	139	3	895	19	7.0
